id_work_company,work_company
0,(주)주상기업
1,에이치에너지주식회사
2,삼성시스템에어컨
3,존슨콘트롤즈인터내셔널코리아(주)
4,주식회사 명민정건설
5,대부개발주식회사
6,용마용역(주)
7,주식회사 제이에이치건설
8,주식회사지원
9,에코글로벌(주)
10,주식회사 케이원건설
11,용주이앤씨(주)
12,유한회사태강기술
13,주식회사 옥계실리카
14,주식회사웅산
15,(주)신성레미콘
16,호제환경산업(주)
17,(주)창명물류
18,한솔기업
19,(주)동원레미콘
20,에이치알서브 주식회사
21,(주)상원엔텍
22,㈜홍세라믹스
23,㈜가오물류
24,㈜위펀
25,신우산업관리㈜
26,이젠코리아
27,대신택배삼성
28,㈜위드인잡
29,플레인오디티
30,주식회사에스알종합건설
31,우이산업(주)
32,동림건업(주)
33,해주산업(주)
34,(주)호반티비엠
35,(주)새미래건축
36,주식회사광주유로폼
37,(주)더원특수건설
38,주식회사세이프원
39,서경종합건설주식회사
40,태성건설 주식회사
41,강산개발(주)
42,삼양항만용역주식회사
43,(재)진주내동공원묘원
44,주식회사그린조경
45,주식회사 신원시스템
46,주식회사 태룡환경
47,농업회사법인주식회사에스엘조경
48,신일에스앤지(주)
49,(주)비앤와이이엔지
50,민우개발주식회사
51,(주)수업
52,제이제이산업 주식회사
53,서울농수산시장관리주식회사
54,(주)케이제이스톤
55,주식회사동민기업
56,(주)지승유지스
57,매직스크린
58,(주)에스원세이프티
59,다온유로폼
60,유한회사정민건설
61,주식회사 티케이 모바일
62,주식회사 승도종합건설
63,주식회사예성철강
64,(주)영선알미늄
65,주식회사 다온아이엔씨
66,호진건설산업 주식회사
67,모듈러
68,(주)정진산업개발
69,(주)창경씨엠씨
70,유한회사 상관철망
71,(주)코스모철강
72,주식회사 라인건설
73,오성철강주식회사
74,주식회사가온건설산업
75,㈜대성문
76,㈜현앤디자인
77,㈔경기도외투기업협의회
78,주식회사 케이에프씨코리아
79,한길취업정보
80,엔아이씨(NIC)지식산업센터
81,주식회사 한결건물관리
82,한나그린힐
83,남부건업(주)
84,주식회사케이에스메이트
85,주식회사에스앤지서비스
86,한국산업개발
87,화성시 정조효노인복지관
88,일진공영창호
89,(주)대성사
90,주식회사 해모아
91,(주)조은시스템
92,수정인테리어기술전문학원
93,용산경찰서
94,주식회사서호
95,주식회사 대성디엔씨
96,사회복지법인다하
97,(주)동민산업
98,인천광역시 중구 시설관리공단
99,미영아파트입주자대표회의
100,다현시스템창호
101,주식회사 포스텍서비스
102,(주)청풍산업
103,주식회사피엔에프우드
104,(주)삼오관리
105,석우석재
106,양양자원개발합자회사
107,(주)동서엔지니어링종합건축사사무소
108,(주)나우씨앤에스
109,마스건축(주)
110,(주)크리스탈샘물
111,(주)주원이에프아이
112,썬텍(주)
113,홍대인테리어디자인
114,(주)디케이건설
115,엘쓰리일렉트릭파워(주)
116,(주)대혜건축
117,주식회사청정기술환경
118,(주)에스앤아이코퍼레이션
119,(사)부산칸트리클럽
120,(주)제이에스산업개발
121,스튜디오써밋
122,(주)태왕이앤씨
123,(주)대한석면환경연구소
124,(주)원에프엔티
125,고려원예
126,(주)자라리테일코리아
127,주식회사 매일건설
128,(주)다온네트웍스
129,(주)스페이스컬쳐
130,주식회사 로탈
131,디엘건설(주)
132,코스람산업(주)
133,주식회사 대로
134,선일시스템
135,(주) 에이원금속
136,(주)대성이엔에스
137,(주)엘스
138,주식회사은혜기업
139,중앙특장
140,주식회사플렉시아
141,주식회사 제이텍
142,도시가스고객센터
143,대왕로엔지니어링
144,(주)그린레이져
145,(주)선우
146,주식회사 우성랙
147,주식회사대원산업
148,(주)이앤에스시스템
149,우신산업(주)
150,(주)성신알에스티
151,주식회사 백제중공업
152,(주)서현자동화
153,(주)동아철망
154,가로수천막공사
155,(주)극동
156,와이엠테크
157,미래비전
158,강산종합건설(주)
159,주식회사 에이치엠씨
160,대용건설주식회사
161,속초시수산업협동조합
162,"정운테크 주식회사(JUNGWOONTECH Co., Ltd.)"
163,(주)제일화성
164,주식회사 반도화성
165,주식회사트루메탈
166,주식회사 베스트코세스
167,(주)에스제이테크
168,(주)용현아이앤디
169,주식회사 대림에스엔피
170,(주)케이에스엠
171,주식회사 시즈넬
172,주식회사 코인
173,강구수산업협동조합
174,주식회사씨티네트웍스
175,(주)한남이노텍
176,세일메카텍(주)
177,주식회사 윤스틸
178,(주)대호축산
179,(주)정봉건설
180,(주) 자강에스앤씨
181,주식회사세명피씨
182,비지종합건설(주)
183,원앤원(주)
184,드림테크
185,건국대학교
186,(주)성민산업
187,주식회사 평산
188,에이아이에이프리미어파트너스 주식회사
189,토스금융프라자
190,한국승강기대학교 산학협력단
191,탑치과의원
192,인천김치절임류가공사업협동조합
193,(주)피플스카우트
194,조선대학교
195,베스트네트워크(주)
196,부산대학교
197,도봉문화원
198,주식회사파스텔
199,딥세일즈(주)
200,주식회사 브리츠테크놀로지
201,주식회사센트럴워터
202,베스트요양병원
203,(주)원영기공
204,사단법인대전광역시대덕구새마을회
205,(주)에이스디이씨
206,주식회사 서진에너지
207,유한회사 아이케이일렉트릭
208,동서요양병원
209,(주)라온
210,(주)테크웰
211,동원여객자동차(주)
212,파티마여성병원
213,주식회사 신흥냉열서비스
214,대동대학교
215,한국마사회
216,(주)쌍용개발
217,중앙법률사무소
218,주식회사쉐어앤서비스
219,(주)삼건산업
220,대한주택관리(주)
221,주식회사피에이티
222,(주)실버웨이복지법인
223,구성농협 재가노인복지센터
224,천하종합관리(주)
225,(주)한우리 종합관리
226,(주)금상
227,서일개발(주)
228,주식회사 넥스티엠
229,한국남동발전(주) 강릉발전본부
230,케이앤제이 주식회사
231,동우씨엠(주)
232,주식회사에이원
233,목포더좋은요양병원
234,㈜에이치알스탭
235,하나펀드서비스㈜
236,(재)여성기업종합지원센터
237,㈜이도
238,IBK신용정보(주)
239,우정사업본부
240,하나증권
241,㈜넥스젠파이낸스대부
242,소래신용협동조합
243,서울원예농업협동조합
244,(주)비전잡
245,퍼스트바리스타제과제빵학원
246,주식회사 미라클핀테크
247,수협은행
248,에스원화재특종손해사정
249,(주)유베이스
250,아이비케이연금보험
251,더아이알(주)
252,삼성생명보험(주)
253,디지비생명보험(주)
254,이케이맨파워㈜
255,미래에셋증권(주)
256,한국국제협력단
257,(주)윈피앤에스
258,해성손해사정㈜
259,㈜우송에이치알컨설팅
260,H&H 파이낸셜대부㈜
261,(주)프로써치코리아
262,(주)다스카손해사정화재해상
263,주식회사동신이앤티
264,주식회사한성칼라
265,(주)광림마린테크
266,(주)영남지오영 부산지점
267,씨엔제이코퍼레이션(C&JCo)
268,(주)나이스엔테크
269,주식회사정진코리아로지스
270,주식회사 강정해운
271,(주)플러스팩
272,농업회사법인 유한회사 효림원
273,(주)케이알산업
274,(주)시그너스정공
275,비아이씨(주)
276,신세기산업(주)
277,피피에이치알
278,(주)에이아이에프
279,(주)피케이엘앤에스
280,주식회사하나로지스
281,에이엠테크
282,(주)화신
283,용성테크
284,㈜에이지엘코리아
285,(주)비엔에프글로벌
286,(주)그린플러스
287,경동팜(주)
288,맥인터내셔널
289,(주)국보종합관리
290,태정인더스트리주식회사
291,클럽 데몬스트레이션 서비스 코리아 주식회사
292,(주)티엔아이
293,(주)한케이골프
294,한국해양소년단경남남부연맹
295,(주)대동철강
296,(주) 케이에스아이
297,(주)나호테크
298,서안동농업협동조합
299,(주)연세테크
300,시그니아독일보청기서구센터
301,주식회사더맨
302,제이디씨파트너스주식회사(JDCPARTNERS)
303,제이엔티주식회사
304,폰친구
305,(주)대하정공
306,롯데웰푸드
307,원익홀딩스
308,주식회사믹스폴
309,한신프로젝트㈜
310,루이비통코리아㈜
311,㈜에스아이디메디코스
312,㈜세파스
313,에이치알포유 주식회사
314,(주)프로비스타
315,굿윌치과병원
316,주식회사 아트시스
317,(사)경남택시운송사업조합
318,주식회사 좋은아침연수원
319,(주)한국관리서비스
320,시립금천청소년센터
321,르노코리아자동차서비스코너장성점
322,(주)윌앤비전
323,청주흥덕오송271
324,(주) 세종
325,주식회사 이상
326,(주)메이저스포츠산업
327,주식회사 케이비손보씨엔에스
328,주식회사현영글로벌
329,(주) 리사
330,주식회사창원모터스
331,(주)케이티씨에스
332,주식회사새하이앤에스
333,(주)크리니트
334,케이아이에코시스템주식회사
335,주식회사오즈테크
336,주식회사그린워커
337,(주)새롬에듀
338,(주)비티컴퍼스
339,(주)잇올
340,자방주식회사
341,재단법인 여주세종문화관광재단
342,주식회사 로크
343,고양교육지원청
344,대한노인회노원구지회
345,(사단)부산경영자총협회
346,미르종합환경주식회사
347,동원에프앤비
348,사단법인문화복지하음
349,한국어촌어항공단
350,한국기초과학지원연구원
351,한국교육개발원
352,(재)서울경제진흥원
353,㈜어퍼하우스
354,한우리열린교육
355,세종공업㈜
356,HK inno.N㈜
357,나이스신용정보㈜
358,㈜돌쇠출장세차
359,바른기업교육협회
360,㈜에이치앤티아웃소싱시스템
361,쿼드스페이스㈜
362,㈜퍼맥스
363,㈜펫진
364,중앙신용정보㈜
365,웰킵스㈜
366,주식회사 푸른가족
367,크라운출판사
368,(사)인천경영자총협회
369,(주)한국경제신문
370,금천씨스템주식회사
371,계룡건설산업(주)
372,주식회사 삼정기술
373,(주)부신전력
374,(주)창마루
375,퍼스트인잡금정사무소
376,정인종합관리
377,주식회사윈테크(진해)
378,(주)케이이오테크
379,업투유
380,이웃집약국
381,법무부화성직업훈련교도소
382,주식회사 브이피시스템
383,가평군청
384,한신당약국
385,사단법인울산광역시지체장애인협회상개장애인보호작업장
386,(주)새창
387,태양실업(주)
388,와이지랜드주식회사
389,(주)디에이취엠씨영암지점
390,(주)하라물류
391,하이테크팜전북본부
392,(주)태강리싸이텍
393,사단법인 고양YWCA
394,(주)한알
395,주식회사지엠에프
396,(주)유세이프
397,(주)세아섬유
398,세비아인터내셔널㈜
399,㈜에이치와이마케팅그룹
400,㈜팩터
401,피에스피에프앤디㈜
402,멘토니아
403,양정인력개발센터
404,㈜피에이티
405,㈜맥서브
406,비엔티
407,에이치앤비글로벌(주)
408,패션의완성
409,주식회사 태범프레시
410,주식회사 채움에이치알디
411,주식회사퍼니브라운
412,노무법인 이엘(EL) 경기지사
413,주식회사이젠컴퓨터아카데미
414,에이스종합관리(주)
415,(주)씨콘스
416,(주)명은커리어인천서부지사
417,주식회사 글로벌이앤비
418,(주)파세코
419,주식회사메가자이언트
420,주식회사 한국취업센터
421,주식회사동그라미프로젝트
422,주식회사 오디너리크파트너스
423,(주)명은커리어안산지사
424,마산정우컴퓨터전산회계학원
425,(주)이호건업
426,주식회사 다지기심리운동연구소
427,(주)그린환경
428,(주)화진지앤씨
429,대영관리주식회사
430,경남기업(주)
431,(주)일신엠알오
432,사단법인양평군새마을회
433,(주)케이에스씨전기통신안전기술원
434,권용우세무사
435,세무사임홍택사무소
436,농업회사법인주식회사선유통
437,(주)태산로테이트먼트 당진
438,농업회사법인 옐로우팜주식회사
439,(주)해피활동지원사교육원
440,"(주)씨엔원(CN1Co.,Ltd)"
441,한결세무회계
442,와이즈안
443,주식회사한솔빌트인
444,티엘엔지니어링(주)
445,대원디에스(주)
446,선화어린이집
447,태백포레스트애시앙1단지 부영사랑으로어린이집
448,예대키즈어린이집
449,서울시인재개발원 쑥쑥어린이집
450,국공립 영산 초록어린이집
451,고양시립 장항누리 어린이집
452,사단법인경남사회문화교육센터
453,우석대학교부설유치원
454,소나무어린이집
455,이룸사회적협동조합 (성광지역아동센터)
456,신일어린이집
457,에스케이스토아 행복아이어린이집
458,청소년열매나눔공동체
459,인후유치원
460,원주삼성어린이집
461,미래어린이집
462,사회복지법인도레미어린이집
463,이(e)편한세상어린이집
464,사회복지법인석청
465,집현전어린이집
466,꿈동산어린이집
467,익산시다함께돌봄센터4호
468,짐랜드어린이집
469,상록로뎀어린이집
470,상록어린이집
471,의왕시육아종합지원센터
472,시립장현루벤시아2차어린이집
473,증산숲유치원
474,주원유치원
475,참다솜교육사회적협동조합
476,주식회사 아이원
477,투탑학원
478,(EiE)고려대학교국제아중캠퍼스어학원
479,(EIE)시매쓰학원
480,정도학원
481,주식회사잉글리쉬아일랜드
482,주식회사 센클교육
483,EiE 고려대학교 국제어학원 영어교육프로그램송도국제
484,리얼농구교실
485,와이키즈수성학원
486,"주식회사메이저원(MAJOR-ONE Co.,Ltd)"
487,민샘영어
488,(주)더클라세움
489,(주)크레버스에프일산
490,(주)제이더블유시스템
491,평화정철어학원
492,(주)열공온
493,풀림수학
494,(재)푸른나무재단
495,(주)픽스프리
496,(주)한국교육평가원
497,이문어학원
498,(학)우석학원
499,아주대학교
500,(주)비탑킨더
501,조이러닝센터학원
502,에듀컴퍼니
503,삼경리테일(주)
504,법무사서광수사무소
505,법무사 정돈교 사무소
506,청담법무사사무소
507,법무법인둘로스
508,변호사김민찬법률사무소
509,국토안전관리원
510,커민스판매써비스코리아(주)
511,여주오학우편취급국
512,대성푸드시스템
513,해움특허법인
514,에이엠에스(주)
515,㈜대아펌프
516,(주)비에스푸드
517,에스케이시그넷(주)
518,금문철강(주)
519,(주)유넷컨버전스
520,혜윰앤컴퍼니
521,고속종합물류
522,법무법인지함
523,기흥관광개발㈜
524,법무법인더앤
525,(주)길로직스
526,(주)청명종합광고기획
527,케이아이피국제특허법률사무소
528,여주시노인복지관
529,미타재가복지센터
530,경기도장애인생산품판매시설
531,로뎀나무
532,120재가복지/활동지원센터
533,생명사랑장애인활동지원센터
534,목포장애인요양원
535,어울림사회봉사회
536,김포한강푸드뱅크
537,정나눔노인복지센터
538,영암군가족센터
539,팔달노인복지관
540,주식회사 더위너케어
541,대가야 사회적협동조합
542,하나노인주간보호센터
543,사단법인인천광역시장애인재활협회
544,강변요양병원
545,(사)이천시장애인자립생활센터
546,강서웅비장애인자립생활센터
547,세반요양원
548,신평지역아동센터(정지원)
549,한마음재가노인복지센터
550,목포여성인권지원센터
551,사단법인 충북장애인부모연대
552,가온주간노인복지센터
553,광주시가족센터
554,인창재가노인지원서비스센터
555,고산노인복지관
556,디딤돌노인주야간보호센터
557,정담재활주야간보호센터
558,노인요양시설선산실버타운
559,주식회사 나눔과돌봄
560,하나노인복지관
561,희망지역아동센터
562,샬롬청소년센터
563,서울구로삶터 지역자활센터
564,주식회사 아성다이소
565,더함미술학원
566,인천광역시장애인체육회
567,강원특별자치도청소년성문화센터
568,엘투(L2) 휘트니스
569,신안종합리조트㈜
570,(주) 네오캣
571,상주늘푸른어린이집
572,태평뿌리어린이집
573,구립신트리어린이집
574,시립세교호반어린이집
575,제주신화월드어린이집
576,(주)네패스
577,큐리어스어린이집
578,토토와숲속마을 어린이집
579,샘머리유치원
580,(유) 카바 에이비에이 아동센터
581,마천데이케어센터
582,한솔요리커피바리스타제과제빵아카데미
583,시스템에어컨주식회사
584,아성직업전문학교
585,주식회사중랑직업전문학교
586,주식회사 세종현대자동차 운전전문학원
587,다산직업전문학교
588,럽디㈜
589,대식농장
590,이화양돈영농조합법인
591,주식회사 엠에스코
592,성동종계장
593,경기한우협동조합
594,맨두팜스
595,태광농장
596,백찬종돈장
597,진안농장
598,양주시농업기술센터
599,카인드짐 망포점
600,농업회사법인미소한우천안지사
601,대원
602,농업회사법인주식회사에스비원
603,두리농장
604,피플러스종돈 영농조합법인
605,애동목장
606,한두레팜
607,목민축산
608,부부농장
609,유혜영목장
610,농업회사법인 (주)태성한돈
611,재남농장
612,국립축산과학원 한우연구소
613,제2화성호
614,"제109유정호,새명성호"
615,문정순
616,배영범
617,박영곤
618,신순철
619,이노그린 영농조합법인 함평점
620,우솔농장
621,길영호
622,국립종자원전북지원
623,박종안 농장
624,김영열
625,안영순
626,의성축산영농조합법인
627,농업회사법인(주)미래팜스
628,제27태영호
629,마린5호
630,주식회사 한빛씨에스
631,황인조
632,영신호
633,한상용
634,광양3호
635,민성환
636,최매해
637,김임철
638,성일수산
639,경진호
640,주안호
641,영어조합법인한송
642,영어조합법인무릉
643,노리수산
644,영어조합법인한창
645,바다목장
646,전인오
647,권용호
648,아우름수산
649,정성호
650,서준수산
651,영피쉬
652,목성주식회사
653,강남욱
654,윤호호
655,박창율
656,영호수산
657,해병수산2
658,양지수산
659,양진수산
660,형제수산
661,황토골민물장어
662,밀양정산양만
663,다해수산
664,신정호
665,대성영어조합법인
666,도포양만장
667,설수산
668,제일수산
669,유진호
670,화성수원오산산림조합
671,재단법인부산공원
672,주식회사 디바인골프
673,유한회사누리산림
674,"관인미솔꽃조경학원,정원화훼농장"
675,균원농장
676,(주)지산아이앤씨
677,산림조합중앙회 산림사업본부
678,재단법인나남(NANAMFORESTS)
679,농업회사법인고성주식회사
680,주식회사 포레스트랩
681,숲으로 주식회사
682,건아조경
683,주식회사 새샘나무병원
684,참터종합건설(주)
685,산들애항공
686,산림엔지니어링우리숲
687,주식회사 향림
688,드림휴조경건설(주)
689,가산산림기술사사무소
690,주식회사 천지조경건설
691,(주)동서개발
692,아름드리영림단
693,주식회사 소백임업
694,청자골강진표고
695,강촌숯가마
696,주식회사 백송
697,도담도담버섯농장
698,웅이표고농장
699,성진식품
700,에스페란사골프클럽
701,김면종
702,주식회사진성이앤지
703,성훈아트
704,"주식회사비앤지컨설팅(B&GConsultingCo.,Ltd.)"
705,가든케어
706,박경완
707,어진고을영농조합법인
708,김숙자
709,딸기나라
710,송암농장
711,(주)한일
712,조광현
713,(주)에코그린
714,광주관광개발(주)
715,주식회사 케이브
716,농업회사법인주식회사씨드원
717,(주)굿앤피플컴퍼니
718,(주)이니스
719,세신산업주식회사
720,주식회사 디엠모티브(DM Motive Corp.)
721,주식회사다경엔지니어링
722,대재에너지(주)대재냉장
723,A월드농기계 농자재할인마트
724,(주)수협개발
725,제이앤비이에스
726,케이제이시스템(주)
727,(사)경상남도지체장애인협회함양군지회
728,지앤지자산관리주식회사
729,주식회사 파이토메이드
730,주례11CGS
731,강남엔텍서비스
732,주식회사 매너티
733,주식회사 크린토피아스테이
734,(주)삼구아이앤씨
735,대풍농장영농조합법인
736,주식회사태건우
737,(주)인덕물산
738,아이원오토 (주)
739,(주)지앤비벤딩
740,(주)삼포실버드림
741,라메르웨딩&베베스타
742,다시봄날의원
743,㈜조이웍스
744,아이비티에스코리아
745,제주애견카페왈 구억점
746,(주)풀무원푸드앤컬처
747,정푸드
748,주식회사 다인알엠씨
749,닥터에버스의원
750,비오비의원
751,롯데관광개발(주)
752,오즈동물병원
753,(주)무사이
754,(주)프리미엄패스인터내셔널
755,브릭화성물류센터(주)
756,(주)한국코아엔지니어링 대중음악박물관 카페
757,(주)어나더무드
758,제이엠피 인터네셔널
759,(주)젬백스링크
760,(주)신안관광
761,(주)여행노트앤투어
762,(주)유나스엔터테인먼트
763,주식회사이지종합관리
764,주식회사대승케이비엠
765,"(주)맥서브(Maxerve Co.,Ltd.)"
766,웅산산업개발(주)
767,누리에이치앤디주식회사
768,(주)명경수호
769,(주)케이에스지
770,주식회사한영파트너스에프에이치
771,유한책임회사 굿모닝대양
772,현대파인빌1차아파트 입주자대표회의
773,주식회사 원동
774,주식회사신원티엠씨(TMC)
775,주식회사영일에이치오엠
776,주식회사 우송
777,주식회사케이에스시큐리티
778,체크엠주식회사
779,주식회사 엔에이엠
780,한국주택시설관리(주)
781,주식회사청담관리
782,부천시보훈회관
783,한국공항보안 주식회사
784,록산에버그린주식회사
785,한라개발(주)
786,(주)에스텍시스템
787,주식회사 시큐원
788,(주)프로에스콤
789,(주)듀델코리아
790,"주식회사이도(YidoCo.,Ltd.)"
791,디티에스코리아주식회사
792,(주)지앤비시스템
793,주식회사 씨엔케이시스템
794,주식회사 씨에이치엠
795,주식회사비씨에스
796,(주)인화종합관리
797,창조기획 주식회사
798,(주)한성엠에스
799,(주)홍익에이드
800,초장재가노인복지센터
801,송이노인복지센터
802,새날주간보호센터
803,인천재활요양원
804,어울림재가복지센터
805,일심방문요양센터
806,은광재가복지센터
807,보사노인케어센터
808,주식회사신은빛노인요양센터
809,새날요양원
810,연세재가복지센터
811,송파한사랑재가센터
812,온유한재가복지센터
813,든든재가복지센터
814,하나재가복지센터
815,절영재가장기요양기관
816,하나복지센터
817,현대노인전문요양원
818,나눔재가복지센터
819,비전재가요양센터
820,행복드림재가노인복지센터
821,구미재가노인복지센터
822,바른재가노인복지센터
823,문수복지재단 남천재가노인지원서비스센터(남천방문요양센터)
824,용진노인복지센터
825,실버웰노인복지센터
826,(주)중앙노인복지센타
827,엄마아빠요양센터
828,수재가노인복지센터
829,봄봄재가요양센터
830,케어닥케어홈
831,이미지호(주)
832,휴:린포
833,유한책임회사하이모전주지점
834,모델로피부과의원
835,바디움 대구점
836,에스테티아광교1호점
837,육쌈냉면플랑드르점
838,(주)지엘파가니카클럽하우스・스타트하우스
839,본다빈치 주식회사
840,(주)두레
841,(주)한양컨트리클럽
842,영농조합법인 팔공김치
843,주식회사해담채시청
844,오라산업관리(주)
845,(주)정정당당
846,한국가스공사인천기지본부식당
847,선양식당
848,피피케이키친 경주점
849,올바른의원
850,주식회사 그린푸드
851,(주)엠제이디벨로프먼트앤드솔루션
852,로뎀해장국가평점
853,한뚝수육국밥 전주평화점
854,포락정
855,(주)우리집식품
856,사회복지법인성지어린이집
857,주식회사파네트리김영모
858,수주간보호센터
859,위례재활의학과병원
860,부성개발주식회사
861,씨제이프레시웨이주식회사
862,한솥도시락
863,주식회사 온유담
864,오산시청
865,센추리개발㈜
866,주식회사 세종트래비즈
867,이다모아
868,주식회사행복한세계여행
869,캠핑톡 주식회사(지점)
870,주식회사짱
871,(주)호텔일루아
872,탑클라우드호텔군산
873,투어뱅크 주식회사
874,유한책임회사 티지아이코리아(T.G.I KOREA)
875,주식회사동원산업
876,재단법인 순창발효관광재단
877,(주)케이원시스템
878,주식회사비체올린
879,주식회사한송
880,주)트립이지(TRIPEASY)
881,(주)산하에이치엠청풍리조트
882,펫빌리지
883,동행재가복지센터
884,(주)시민제과
885,사단법인놀이하는사람들
886,노인요양공동생활가정로뎀나무실버타운
887,효사랑홈케어
888,㈜소색채본
889,삼구아이앤씨
890,송파구청
891,둔포아람어린이집
892,의료법인성인의료재단이에이씨창원요양병원
893,쿠우쿠우 대구서구점
894,㈜파인씨앤케이
895,해피타임요양원
896,국공립해담어린이집
897,한무리Holylife
898,키움어린이집
899,사회복지법인성화대전재활병원
900,(주)동북엘앤알가평점
901,춘천경찰서 구내식당 운영위원회
902,어린이재단한사랑마을
903,은혜의집
904,의료법인평강의료재단
905,몬떼델피노주식회사
906,(주)경기그린환경
907,주식회사다굼
908,(주) 한덕엔지니어링
909,주식회사태강티엠에스
910,농업회사법인하늘농가(주)
911,(주)대명티엠에스
912,"주식회사지에스씨앤씨(GSC&CCo.,Ltd.)"
913,주식회사에코그린티엠
914,유한회사에코피아
915,월드유니텍주식회사
916,미건테크노월드(2차)관리단대표회의
917,(주)창성티앤씨
918,(주)에스씨월드
919,(유) 원광
920,키즈월드스위밍클럽
921,(주)유켄씨인터텍
922,삼우안전관리유한책임회사
923,(주)고도시스템
924,대진에스컴(주)
925,(주)노원알씨
926,주식회사하이테크주택
927,엘엑스파트너스 주식회사
928,다정한 실버케어
929,오산남부은빛사랑채
930,가자재가방문요양센터
931,성북재가노인복지센터
932,함안지역자활센터
933,동행재가노인복지센터
934,지온산후조리원
935,장원석치과의원
936,제일주간보호센터
937,의료법인빛고을의료재단
938,의료법인두암의료재단
939,의료법인우암의료재단진동태봉병원
940,사회복지법인SOS프란치스카의집
941,튼튼의원
942,(의)영웅의료재단
943,효인재활요양병원
944,박현우소아청소년과의원
945,아중요양병원
946,설명한의원
947,메디인병원
948,좋은사람들노인복지센터
949,원당오케이마취통증의학과의원
950,대전동부요양병원
951,온누리요양원
952,(주)무지개케어스
953,의료법인완주의료재단
954,중앙요양병원
955,의료법인 기호의료재단 동해요양병원
956,성심요양원
957,인천수봉요양원
958,자모의원
959,메트로내과의원
960,나디브심리치료센터
961,하늘내과의원
962,해남우리종합병원
963,수원새봄요양원
964,"대한결핵협회대구,경북지부"
965,참사랑데이케어센터
966,간호재활요양원
967,시애노병원부설전문요양센터
968,라인치과
969,해누리어린이집(장애아전문어린이집)
970,산청성모요양원
971,연세리더스치과교정과치과의원
972,연세예감치과의원
973,양평요양병원
974,충청북도충주의료원
975,인플란트치과의원
976,석정웰파크병원
977,미건주간보호센터
978,자향한방병원
979,박사요양원Ⅱ
980,주식회사 경기시니어
981,의료법인풍진의료재단
982,의료법인 영주의료재단
983,하동군노인장애인종합복지관(장애인)
984,안양시수리장애인종합복지관
985,중앙아동발달센터
986,채움늘사회서비스센터
987,더편한치과
988,리프톤피부과의원
989,(의)인산의료재단
990,해피케어하우스 재활주간보호
991,쁠리성형외과의원
992,대구가톨릭대학교의료원
993,의료법인 갑을의료재단 갑을녹산병원
994,청주프라임병원
995,바라봄의원
996,한국건강관리협회제주특별자치도지부
997,당진종합병원
998,(의)영서의료재단
999,정민치과
1000,(주)레즈메드헬스케어코리아
1001,(주)동구바이오제약
1002,양심55플란트치과
1003,화사의원
1004,스타로미안연합의원
1005,사직요양병원
1006,포레힐요양병원
1007,삼성플란트치과
1008,서면어린이치과의원
1009,(의)참예원의료재단 서초참요양병원
1010,주식회사송원테크
1011,서우실업(주)
1012,주식회사영오산업
1013,(주)풍산메탈서비스
1014,에스케이(SK) 메탈
1015,(주) 경원티엔씨
1016,유성정밀공업주식회사
1017,이런산업
1018,C&B
1019,한국무브넥스(주)
1020,(주)삼보에스티
1021,주식회사남원정공
1022,대광ENG
1023,(주)대양볼트
1024,피엔케이(PNK)
1025,주식회사삼진스프링
1026,주식회사21세기
1027,(주)에스제이에이치
1028,제일밴딩롤링
1029,프롬테크주식회사
1030,주식회사모콘
1031,우성다이아몬드
1032,서광TECH
1033,(주)한영정공
1034,주식회사제이지
1035,(주)대덕기계
1036,하나테크 HNT
1037,주식회사대덕테크
1038,서우산업주식회사
1039,(주)성우하이테크
1040,현대글로벌주식회사
1041,유한회사 태왕
1042,(주)하인스
1043,삼영엠텍(주)
1044,제이이에스
1045,B&P
1046,도나컨설팅(주)
1047,나성시스템
1048,주식회사경동나비엔
1049,(주)대양
1050,로드엘 주식회사
1051,주식회사태원산업
1052,에스제이산업
1053,(주)한양포장기계
1054,건양공업(주)
1055,(주)덕진
1056,(주)서정오토
1057,주식회사기원전자
1058,주식회사미래기술
1059,주식회사 대성에이치이
1060,대진산업
1061,경동기술
1062,주식회사 동성테크
1063,(주)발터이엔지
1064,(주)풍림정공
1065,주식회사유진에어텍
1066,(주)인화베바스토지점
1067,주식회사 하스파파
1068,주식회사킴
1069,(주)성주엠.아이(대전공장지점)
1070,(주)센스테크코리아
1071,(주)한미기술
1072,주식회사대신엘리베이터
1073,에스씨엠
1074,주식회사 에코라임
1075,패밀리몰
1076,신성엘리베이터(주)
1077,대명엘리베이터
1078,(주)EG테크
1079,(주)한영
1080,주식회사 울트라2공장
1081,신영기계기술
1082,(주)엔티렉스
1083,주식회사로뎀이엔지
1084,주식회사엠에스코리아
1085,주식회사 포스코피에이치솔루션
1086,주식회사와이케이건기
1087,유한회사에이치에스테크
1088,(주)일진이플러스
1089,금아기전
1090,공우이엔씨주식회사
1091,주)진양
1092,(주)고암
1093,주식회사 캠코시설관리
1094,신우산업관리(주)
1095,서울대학교시스템면역의학연구소
1096,(주)한국메탈 서산공장
1097,영남대학 영천병원
1098,(주)디엠티
1099,기광산업(주)
1100,(주)원봉
1101,제일엠앤이 (주)
1102,서운에스엠(주)
1103,한국열연(주)
1104,(주)컴윈스
1105,주식회사타워피엠씨
1106,(주)백경비엠에스
1107,(주)파워텍
1108,주식회사인화에이치엔씨
1109,주식회사효준베스트진테크
1110,(주)경진관리
1111,우양산업개발(주)힐튼경주지점
1112,(주)경은
1113,성진자산관리(주)
1114,엠제이엠엔에스(MJM&S)
1115,주식회사삼성
1116,주식회사지훈산업
1117,화인산업(주)
1118,주식회사백진하이텍
1119,첨단메탈코팅주식회사
1120,주식회사 미광
1121,(주)와이아이테크
1122,주식회사 와이비솔루션
1123,(주)신도산업
1124,(주)아이엔씨하이텍(대구지점)
1125,새론오토모티브(주)
1126,유한회사영도이엔지
1127,(유)대원산업기술
1128,태양아트
1129,세명금속(주)
1130,주식회사서경에스디티
1131,한국후레임
1132,주식회사우주플레이팅
1133,주식회사영광와이케이엠씨
1134,(주)세레코
1135,건영산업(주)
1136,삼정크린마스터(주)
1137,(주)진태옥
1138,주식회사 가나
1139,아기자기
1140,한국지공(주)
1141,삼창기업(주)
1142,일신소재(주)
1143,번창기업
1144,(주)태성테크놀로지
1145,주식회사대돈엔지니어링
1146,(주)피엔에스케미칼
1147,케이씨글라스(주)
1148,두원산업(주)
1149,(주)에이씨티로지스틱스
1150,(주)그린
1151,(주)카펙발레오
1152,건영테크(주)
1153,금호공업(주)
1154,(주)이룸에프앤씨
1155,삼일스텐제작
1156,주식회사 대경에스
1157,재문기업
1158,유한회사 장성테크
1159,유한회사태양이엔지
1160,디앤디코리아주식회사
1161,주식회사 에코크레이션
1162,주신산업(주)
1163,JY테크
1164,케이지모빌리티 서귀포서비스프라자
1165,에이스디젤
1166,주식회사남인천현대써비스
1167,쌍용점기아오토큐
1168,상동점현대자동차
1169,티엠(TM)모터스
1170,(주)태영교통
1171,스카이모터스
1172,(유)금강자동차공업사
1173,현대지게차구미판매
1174,미스터엠(Mr.M)
1175,현대자동차블루핸즈구영점
1176,주식회사대성단조
1177,주식회사 제이피솔루션
1178,(주)금호테크
1179,(주)제이케스팅
1180,주식회사명성종합관리
1181,현성기업(주)
1182,(주)동성오에이
1183,"주식회사 에이피셀(A.P.Shell co ,ltd)"
1184,영진이엔지
1185,조이엔지니어링
1186,케이엘테크
1187,(주)금송진산기계
1188,영신전기공업주식회사
1189,(주)제일방화문
1190,경보단조
1191,(주)동진금속김천
1192,씨에이치(CH)금속
1193,(주)성남기업
1194,한라테크주식회사
1195,도시가스 중앙센터
1196,주식회사포머스
1197,가덕산업
1198,주식회사아이네오스
1199,그린테이블
1200,(주)문주하드웨어
1201,주식회사다산퍼스
1202,삼양수출포장
1203,제일퍼니처
1204,주식회사 명성우드
1205,세현침대
1206,주식회사 소우
1207,(주)디에스피
1208,(주)프리마
1209,베크시스템주식회사
1210,누림
1211,주식회사토탈퍼니쳐
1212,디자인이음
1213,우드팸
1214,이서가구
1215,주식회사에이스썬팀솔루션
1216,루안이네김포점리퍼브매장
1217,주식회사미래디자인
1218,(주)리골드
1219,(주)페코
1220,(주)세원시스템
1221,(주)에스아이플렉스
1222,(유)포리코리아
1223,(주)현진패키지
1224,대용산업
1225,유진코퍼레이션(주)
1226,(주)칼테크
1227,케이에이치엠티(주)
1228,에이에프더블류(주)
1229,(주)루켄테크놀러지스
1230,(주)월자제지
1231,(주)용호지대
1232,한국폼팩
1233,주식회사 영광제지
1234,코리아펙주식회사
1235,"주식회사캠프투(CAMP2Co.,Ltd)"
1236,(주)교하산업
1237,주현월텍
1238,(주)페이퍼그린(Papergreen Inc.)
1239,(주)성일정판
1240,주식회사성심커버링
1241,제이엘팩
1242,신양큐비스
1243,협성하이팩
1244,한결피앤씨(P&C)
1245,농업회사법인주식회사에스케이팜
1246,주식회사사람과비젼
1247,(주)제일지대
1248,(주)삼미
1249,고려포장
1250,(주)대욱케스트
1251,주식회사디엔에스
1252,남광기획
1253,주식회사 새빛
1254,(주)엠플러스디엔티
1255,사인뱅크
1256,대흥실업주식회사
1257,주식회사대신
1258,주식회사미래티엠에스
1259,대한화학공업사
1260,일광식품(주)
1261,공영산업(주)
1262,주식회사포이베
1263,(주)이튼
1264,주식회사드론코리아아카데미
1265,(주)하얀티슈
1266,㈜억스코리아
1267,제이엠글로벌㈜
1268,주식회사성림에이앤피
1269,㈜제이앤씨트레이딩
1270,㈜모젠컴퍼니
1271,㈜벡테크
1272,판타펫코리아
1273,삼흥문화
1274,주식회사백스코
1275,(주)큐팩
1276,아이엔
1277,주식회사아이팩피앤디
1278,대산산업
1279,강원
1280,개미실업
1281,대일정밀
1282,주식회사 대신스틸
1283,(주) 주원에이치티엘
1284,폐전선구리산업(주)
1285,제이비(주)
1286,(주)디.엠테크
1287,(주)한국주조
1288,에이스정밀
1289,폐전선구리산업(주)중부지점
1290,세림의료기
1291,스케일존(SCALE ZONE)
1292,대명
1293,주식회사 제이디그로벌
1294,주식회사이앤씨연천
1295,(주) 지아이리테일
1296,(주)농심
1297,신승트랜스
1298,삼성엔지니어링
1299,(주)미래생명자원이천공장
1300,(주)신흥
1301,제일폴리캠(주)새만금공장
1302,주식회사 세종전기안전관리단
1303,서림주택관리(주)
1304,부강주택관리(주)
1305,한전산업개발(주)동해사업처
1306,스탠다드인터내셔널주식회사
1307,폴리텍주식회사(가산동지점)
1308,(주)케이제이인더스트리
1309,유한회사 다원이엔아이
1310,캐스코주식회사
1311,자이에스앤디(주)
1312,윈디텍주식회사
1313,주식회사 애즈원
1314,(주)엠텍정보통신공사
1315,(주)우리텍
1316,주식회사인포스텍
1317,(주)대원아이씨티
1318,주식회사에스아이비전
1319,대한신호(주)
1320,코아티엠에스
1321,(주)에이엘티
1322,(주)딥세일즈
1323,(주)에스티씨
1324,(주)소리와영상
1325,(주)하나아이씨티
1326,주식회사케이티서비스남부
1327,(주)카스하이퍼씨앤씨
1328,에스와이테크(SY Tech)
1329,연세대학교미래캠퍼스
1330,세종신호에너지주식회사
1331,(주)코리아와이드아이티에스
1332,(주)스카우트파트너스
1333,반석써치(주)
1334,(주)벤처피플
1335,메디맵 주식회사
1336,(주)크리에이텍
1337,금강산업(주)
1338,(주) 비엔씨테크
1339,주식회사 영빈산업 (포항)
1340,유한회사 삼보정보통신
1341,우리해양 주식회사
1342,일신씨엔에스 주식회사
1343,(주)가드시스템즈
1344,(주)혜성프로비젼
1345,삼성피씨프라자
1346,주식회사와이디시스템
1347,주식회사 에이토탈서비스
1348,주식회사성화에프티
1349,그린테크주식회사
1350,주식회사 이카플러그
1351,한승사무기
1352,주식회사 상하오에이
1353,교동열쇠・도장
1354,사인팩토리≪간판여기있다≫
1355,㈜지바이크
1356,제일엠앤이㈜
1357,로드801주식회사
1358,코웨이㈜
1359,나인투원
1360,(주)에이치에스코프레이션
1361,피지엠 주식회사
1362,주식회사 백억전자
1363,(주)청송상공
1364,(주)금진
1365,(주)나산전기산업
1366,주식회사전북반도체
1367,성화전기
1368,(주)지엔이(GNE)
1369,(주)등주인스트루먼트
1370,(주) 여해
1371,서연테크
1372,주식회사삼주전자
1373,(주)메가테크
1374,주식회사 한미테크
1375,주식회사디지탈테크
1376,대성전열
1377,주식회사타바라
1378,한성산전 주식회사
1379,주식회사신혁2공장
1380,(주)대흥기전
1381,(주)명성코리아테크놀러지
1382,다온산전 주식회사
1383,(주)젠풀코리아
1384,주식회사파이버프로
1385,더라이쳐스주식회사
1386,삼천산업(주)
1387,예성브레인주식회사
1388,주식회사마린콤
1389,한국앤컴퍼니(주)
1390,주식회사에이코
1391,(주)에스앤에스텍
1392,창덕전기
1393,주식회사인프라일렉
1394,문테크(MOONTECH)
1395,(유)연일중전기
1396,주식회사 대동전력
1397,성화조명
1398,두원전선주식회사
1399,신형이아이씨(주)
1400,(주)신안전력
1401,다경전력
1402,주식회사현대전기공사
1403,주식회사 썬에이치에스티
1404,주식회사 에스엠이엔지
1405,플러스시스템
1406,태강전력
1407,(주)동양테크윈
1408,주식회사송제전력
1409,주식회사 두리기술
1410,도우건설주식회사
1411,(주)하나기전
1412,유니컨트롤
1413,(주)다호전설
1414,우광(주)
1415,지티비(주)
1416,제이엔텍주식회사
1417,(주)씨에스글로비즈
1418,(사)보성스마트사업단
1419,(주)파인정보통신
1420,대신네트웍스주식회사
1421,주식회사유림인포텍
1422,주식회사 나래넷츠
1423,피엔네트웍스
1424,(주)씨엔앤시스템
1425,이지테크
1426,(주)천윤
1427,(주)이젠정보통신
1428,(주)영진에셋
1429,(주)비앤비포스
1430,다온솔루션
1431,한국신문잉크 주식회사
1432,(주)동화라이징
1433,(주)코스모텍
1434,(주)글리쉬
1435,(주)폴리피아
1436,주식회사현풍
1437,디와이플라테크
1438,주식회사삼영오토
1439,주식회사 보광리사이클
1440,세영폼
1441,주식회사홍우포장시스템
1442,태해영
1443,(주)플러버
1444,제이에이치산업(JH산업)
1445,주식회사가원인터내셔널
1446,유엔잡(주)
1447,(주)천보비엘에스
1448,그린테크
1449,주식회사시안슈프라
1450,주식회사 알앰
1451,주식회사 삼양폴리텍
1452,대양테크알주식회사
1453,"주식회사디와이솔브(DYSorbCO.,LTD)"
1454,한국에너지기계
1455,주식회사 예경켐텍
1456,"코스모폴 주식회사 COSMOPOL CO.,LTD"
1457,(주)일삼시화공장
1458,주식회사수안향장
1459,한공기술검사주식회사
1460,(주)동명오앤씨
1461,(주) 디에스단석 평택1공장
1462,주식회사 에스더블유에스
1463,주식회사성원오에스
1464,진온
1465,신한방직주식회사
1466,오아세 사회적협동조합
1467,주식회사아코플레닝
1468,진수산업(주)
1469,성원니트
1470,디이·에이텍스타일
1471,"류복순침구,솜틀집"
1472,주식회사삼보염공
1473,주식회사윈텍스
1474,중부기업
1475,(주)자양모방
1476,(주)금화텍스
1477,주식회사서원테크
1478,포러스무역(주)
1479,"주식회사엠에스텍스타일(Mstextile.Co.,Ltd)"
1480,동서식품(주)
1481,프레쉬몰
1482,노랑오리농업회사법인(주)
1483,(주)아일푸드
1484,칠곡양돈영농조합법인
1485,(주)대림씨푸드
1486,주식회사제이엠바이오
1487,(자)동명식품
1488,주식회사오그래농업회사법인
1489,몽고식품(주)창원1공장
1490,단미정농업회사법인주식회사
1491,주식회사 대륙푸드
1492,주식회사 온누리푸드텍
1493,"주식회사웰치즈(WellcheeseCo.,Ltd.)"
1494,주식회사 에스에이치푸드
1495,진보식품
1496,(주)장수씨푸드
1497,주식회사 위드식품
1498,잔다리마을공동체농업회사법인주식회사
1499,세명푸드
1500,주식회사 한미에프앤에프
1501,농업회사법인 깊은숲속행복한식품(주)
1502,쉐프파트너주식회사충주공장
1503,(주)에그리아
1504,주식회사벨르블랑제리
1505,주식회사한영식품
1506,주식회사슬로베이크비엔피
1507,시립영흥숲푸르지오어린이집
1508,주식회사 부일한우
1509,주식회사 에스제이씨리테일
1510,(주)정성미트
1511,주식회사엠에이씨컴퍼니
1512,농업회사법인조흥주식회사
1513,양심소
1514,장수천한방민물장어
1515,(주)정화실업
1516,세현푸드
1517,능원숯불갈비
1518,춘리(CHUN Li)
1519,덤마루돼지국밥
1520,황금돼지솥뚜껑삼겹살
1521,진미순대
1522,하동율림영농조합법인
1523,(주)부록
1524,낙원떡집
1525,자매돈
1526,바오담문래센터
1527,김미화코다리
1528,청담추어정
1529,햇살어린이집
1530,주식회사 교동씨엠
1531,(주)시민장례식장
1532,농업회사법인주식회사엘비
1533,라비베이커리 원주점
1534,로쏘
1535,주식회사베리
1536,호텔롯데
1537,㈜삼구에프에스
1538,주식회사 이단아
1539,오이지
1540,리스카페(Lee`s cafe)
1541,㈜에프지푸드
1542,비밀(BE.MEAL)
1543,㈜로와이드
1544,크린토피아안성지사
1545,모르리 가발
1546,(주)조움텍스타일
1547,주식회사 송정스마트
1548,남구인생후반전지원센터
1549,제이에스홈퍼니처
1550,지어드림
1551,주식회사 리폼하우스
1552,㈜티디에이치컴퍼니
1553,신성종합환경
1554,주식회사 동부그린
1555,(주)에코비트워터
1556,주식회사대경오앤티
1557,(주)대경에스코
1558,주식회사우용
1559,주식회사 대양환경기술
1560,파랑새
1561,(주)해동자원 북구사업소
1562,한국내화(주)
1563,(주)범우
1564,주식회사 케이아이엔티
1565,(주)대원리사이클링
1566,주식회사 에코이에스
1567,(주)락토메이슨
1568,"리뉴에너지대원 주식회사(renewenergy Daewon Co., Ltd.)"
1569,(주)미래리서스
1570,주식회사두솔
1571,(주) 부경이엔지
1572,에너지산업
1573,주식회사대신환경기술
1574,주식회사 케이에이치환경
1575,한종산업개발(주)
1576,(주)동명기술공단종합건축사사무소
1577,주식회사 에코비트에너지경산
1578,주식회사포웰
1579,(주)월드에너지
1580,새한건설(주)
1581,주식회사 지현건설
1582,동진개발주식회사
1583,(주)엘에스폼웍
1584,(주)한성건축엔지니어링
1585,도양기업주식회사
1586,주식회사 대덕
1587,풀하우스
1588,센텀구조안전 주식회사
1589,주식회사온바탕
1590,원일안전주식회사
1591,주식회사 산서
1592,태안특수건설(주)
1593,다인종합건설주식회사
1594,(주)보광엔지니어링
1595,에스지산업개발 주식회사
1596,(주)비오토건
1597,지호건설 주식회사
1598,(주)경성방재설비
1599,정선군산림조합
1600,주식회사세연이엔티
1601,(주)구츠
1602,유한회사이원마린
1603,동현정공주식회사
1604,성일테크(주)
1605,대한시스텍주식회사
1606,대륜환경기술주식회사
1607,해성엔지니어링(주)
1608,(주)엠씨엠
1609,주식회사부국테크
1610,(주)지엔티
1611,(주)래트론
1612,일성정공글로벌 주식회사
1613,주식회사 마스텍
1614,(주)삼에스코리아
1615,대산공업 주식회사
1616,주식회사 에이플러스공조
1617,황성공업(주)
1618,(주)엔텍인더스트리
1619,주식회사 테스크
1620,(주)삼락열처리김해지점
1621,바이오메딕스코리아
1622,주식회사엔아이네트웍스
1623,주식회사 진명솔루션
1624,그린베이크
1625,인천광역시의료원
1626,주식회사다원디앤아이
1627,경신홀딩스
1628,(주)인더스콘
1629,기술보증기금
1630,(주)뉴넷팝
1631,캐논코리아
1632,광동제약
1633,아이센스
1634,삼성중공업
1635,㈜루트비
1636,㈜퍼플랩스헬스케어
1637,주식회사우주로테크(UZUROTechInc.)
1638,㈜스페이드컴퍼니
1639,에스엠하이플러스㈜
1640,㈜알에스엔
1641,도이치모터스㈜
1642,웨이텍
1643,주식회사 장군소방기계
1644,(주)휴먼인프라
1645,주식회사경남안전기술단
1646,하나검사기술주식회사
1647,주식회사코인텍
1648,"주식회사에이치블루(H-BLUECo.,Ltd.)"
1649,우리방재 주식회사
1650,인천국제페리부두운영주식회사
1651,(주)화이온방재
1652,농업회사법인 주식회사 진성푸드
1653,주식회사맨투맨써비스
1654,(주)오성소방
1655,주식회사 정평이앤씨
1656,(주)상일기업
1657,푸른식품주식회사
1658,케이티텔레캅주식회사
1659,주식회사 이엠이앤씨
1660,(주)화경 영주충전소
1661,(합)삼진전기
1662,주식회사휴:콥
1663,(주)와이에스물류
1664,(주)아거스
1665,인코스
1666,주식회사앤티엘
1667,(주)아이티앤티
1668,주식회사호연소프트
1669,주식회사부영일렉트로닉스
1670,에이아이테크 주식회사
1671,주식회사에이로보틱스
1672,(주)쉬운기술
1673,(주)리본
1674,주식회사 두핸즈
1675,주식회사대은계전
1676,기아
1677,한국과학기술원부설고등과학원
1678,식품의약품안전평가원
1679,경북전문대학교
1680,일양약품
1681,친환경농업연구원(주)
1682,(주)코레쉬텍
1683,LSK systems
1684,㈜나노테크
1685,(주)코씨드바이오팜
1686,(주)테크엑스
1687,(주)엠디엑스케이
1688,세진전자통신㈜
1689,(주)테라온
1690,플로메디 주식회사
1691,(주)에이아이코리아
1692,수퍼빈(주)
1693,(주)이엠이앤씨
1694,(주)아이엠바이오로직스
1695,한화제약(주)
1696,(주)바이오리서치에이아이
1697,(주)제노스
1698,(주)신덕엔지니어링
1699,시큐어인공지능주식회사
1700,주식회사케이알넷
1701,(주)썬테크
1702,주식회사 지에이
1703,주식회사태융
1704,(주)인진시스텍
1705,(주)제이월드텍
1706,세종전기공업(주)
1707,봉화군조합공동사업법인
1708,주식회사 모스터일렉
1709,한전케이디엔(주)
1710,주식회사 더씨테크
1711,(주)웨디
1712,(주) 아이트릭스테크놀로지
1713,㈜테르텐
1714,주식회사유펜디
1715,(주)온메이커스
1716,(주)콤텍시스템
1717,(주) 유호스트
1718,주식회사유니버셜리프트앤히타치코리아
1719,주식회사태정이엔지
1720,(주)세진산업
1721,(주)오성엔지니어링
1722,주식회사 케미원스
1723,주식회사 현빈
1724,대양기전(주)
1725,(주)보람엔지니어링
1726,(주)성화휀스
1727,(주)벨란
1728,"주식회사금강메탈,계전"
1729,주식회사 영림
1730,에스엠하이텍주식회사
1731,(주)승호산업
1732,주식회사한국초음파
1733,씨제이전기(주)
1734,강원전자㈜
1735,로데슈바르즈코리아 주식회사
1736,㈜디비콤
1737,㈜누리플렉스
1738,㈜제이오텍
1739,㈜화진티엔아이
1740,주식회사원일환경안전연구원
1741,(주)한국환경리서치컨설팅
1742,주식회사 한국보건환경연구원
1743,"주식회사 한국나노오트(Korea Nano Ot Co.,Ltd)"
1744,SCT산기(주)
1745,일진유화공업주식회사
1746,진솔화학주식회사
1747,천광산업
1748,주식회사수엔테크
1749,이에스이엔지주식회사
1750,주식회사 더존환경연구소
1751,인당주식회사
1752,실내환경연구소주식회사
1753,주식회사케이보은제약
1754,주식회사크린스카이
1755,주식회사청우리텍경주지점
1756,(주)디앤블루션
1757,주식회사삼안환경측정
1758,서안켐텍(주)
1759,주식회사우진켐
1760,현대환경건설
1761,아트리아(주)
1762,장유여객터미널주식회사
1763,남한강마트
1764,롯데FRESH아차산점
1765,한살림춘천소비자생활협동조합
1766,일산왕식자재마트
1767,푸른두레소비자생활협동조합
1768,(주)원일유통 강천산(대구)휴게소
1769,대흥식품
1770,금성스파빌
1771,R-마트
1772,목포해상케이블카(주)(MokpoMarineCableCarCorporation)
1773,주식회사삼익에스
1774,안국산업(주) 곡성휴게소
1775,(주)제로코퍼레이션
1776,S마트
1777,짐-이(GYM-E)
1778,주식회사 참우돈미트
1779,대보유통(주) 부안(서울)휴게소
1780,주식회사 씨엔에스코리아
1781,(주)코렌텍
1782,베이비파스텔
1783,㈜휴먼이솔루션
1784,풍원스틸주식회사
1785,주식회사지앤지미트
1786,간석목재산업(주)
1787,미카주식회사
1788,씨앤에스포리마(주)
1789,주식회사이노엘엔씨
1790,(주)유니에스
1791,주식회사 모토닉 대구공장
1792,주식회사제일참
1793,주식회사 코센 음성공장
1794,주식회사 스마일푸드
1795,(주) 어센틱브랜즈코리아
1796,주식회사유맥
1797,주식회사스마일물류
1798,(주)대덕
1799,주식회사 더원플러스
1800,주식회사동우목재산업
1801,천일정공주식회사
1802,신화이엔피주식회사
1803,주식회사휴먼코아
1804,"(주)트리스 (Tris Tube co.,Ltd)"
1805,주식회사조영산업
1806,한국로스트왁스(주)
1807,(주)글로벌금융판매
1808,피플라이프 주식회사
1809,토스인슈어런스(주)
1810,파마라인(주)
1811,동진기업주식회사
1812,"유림툴스주식회사(URTCo.,Ltd)"
1813,주식회사 성광이엠알
1814,(주)대한후렉시블
1815,(주)신북리조트
1816,(주)골프프렌드
1817,이천축산업협동조합
1818,주식회사케이티에스
1819,주식회사 제니알
1820,(주)제일에이치케이
1821,주식회사텐시즌
1822,주식회사 예다움
1823,주식회사인텍
1824,샵바이허브원
1825,나랑푸드
1826,(합자)대창강업
1827,새마을철강농자재
1828,케이즈로지스주식회사
1829,주식회사 이투지
1830,주식회사 천미트
1831,(주)한성기계
1832,정다운노인복지센터
1833,베라체어린이집
1834,명산종합건재
1835,사단법인 전라남도지체장애인협회 장성군지회
1836,유한회사 에이에이치쉬레드
1837,대신정기화물상일영업소
1838,주식회사함께사는세상
1839,영진리사이클
1840,주은환경주식회사
1841,(주)에스앤씨로직스
1842,주식회사뉴대성
1843,주식회사 에코비트 로직스
1844,홍익
1845,주식회사 신우포스
1846,한샘인테리어두드림대리점
1847,농업회사법인 주식회사 웰스푸드
1848,주식회사 대현유통부천
1849,유안축산
1850,주식회사 예스윌
1851,주식회사태광특수지
1852,동남호
1853,또래종합식품
1854,주식회사좋은이웃마트
1855,주식회사대신포장
1856,(주)그린렌탈
1857,유신메라민(주)
1858,가람유통
1859,(주)에스엠텍
1860,일신프런티어주식회사
1861,와디즈주식회사
1862,(주)나눔테크
1863,주식회사에코맘의산골이유식농업회사법인
1864,오케이114(주)안동지점
1865,주식회사피에스네트웍스
1866,아라컴퍼니
1867,서림
1868,주식회사보문북항아이시주유소
1869,주식회사케이지디사능역주유소
1870,오산태양주유소
1871,주식회사경신바이오
1872,주식회사 제이플러스시스템
1873,주식회사 디온스팩토리
1874,(주)일성인더스트리
1875,내트럭주식회사
1876,구리LPG충전소
1877,주식회사 베이킹조이
1878,(주)온누리렌트카
1879,대제종합물류센터
1880,(주)비투비앤씨
1881,(주)키친마루
1882,서창산업(주)용인(강릉방향)주유소
1883,주식회사해드림
1884,동안동농업협동조합
1885,주식회사 랜드마크코리아
1886,(주)바다사나이
1887,주식회사티아이시스템
1888,쿠팡풀필먼트서비스 유한회사(Coupang Fulfillment Services Ltd.)
1889,주식회사 오렌지식자재마트
1890,주식회사달팽이리빙
1891,가산농협판매장
1892,대풍농자재마트
1893,한터 365
1894,주식회사무진무역
1895,주식회사 에스앤비코퍼레이션
1896,부산요트투어
1897,주식회사아이엠엑스로지스
1898,주식회사에스티아이
1899,㈜건창축산유통
1900,퓨리시스
1901,(주)명일농산
1902,(주)미래안전
1903,(주)유얼키친
1904,(주)미트이노베이션
1905,(주)에이치에스해운
1906,미트벨리
1907,드림케어
1908,(주)그린팩
1909,(주)씨엠에스로지스틱스그룹코리아
1910,주식회사 네버엔딩플레이
1911,주식회사 엘엠피이컴퍼니
1912,유한회사예술이꽃피우다
1913,자유의 길
1914,에이투지
1915,(주)뽀로로파크
1916,(사)한국직업건강간호협회
1917,노마드나우
1918,(주)온앤미
1919,㈜인터오리진
1920,오산남부청소년문화의집
1921,주식회사 유엘엔터테인먼트
1922,아이친구
1923,삼남개발(주)
1924,(주)세계사컨텐츠그룹
1925,유창개발(주)
1926,(주)스튜디오쉘터
1927,(주)애드플래닛커뮤니케이션
1928,(주)펜앤드마이크
1929,㈜셀트리온
1930,(주)알에스미디어
1931,주식회사조아에이전시
1932,(주)중부매일신문
1933,신소재경제신문
1934,언론협동조합 춘천사람들
1935,(주)뮤직플랫
1936,(주)밸류마크
1937,(주)썬더테크놀로지
1938,(주)제이원유니콘
1939,다담디자인
1940,주식회사 라움디자인
1941,탐나도가 주식회사
1942,주식회사 창의와날개
1943,(주)동명기획
1944,신성AD&C
1945,(주)렌즈맘
1946,네오뮤즈
1947,르망고 주식회사
1948,(주)제황
1949,에스티밴드(STBAND)
1950,주식회사티엔케이
1951,식스퍼즐
1952,21세기광고기획
1953,(주)열린기획
1954,대림기업
1955,주식회사썬로드테크
1956,유원텍스
1957,이수디자인
1958,쿠퍼스탠다드코리아유한회사
1959,주식회사러쉬엔터테인먼트
1960,(주)흐름코퍼레이션
1961,주식회사꽁지삼촌
1962,유니스텝스(주)
1963,이투엠(E2M)
1964,주식회사컬러풀솔루션
1965,주식회사이지베이션(EZVATIONInc.)
1966,다온수산
1967,대성
1968,(주)월드블라인드
1969,독도철강목재
1970,미엔우드주식회사
1971,(주)스미스에스쓰리
1972,주식회사 문깡
1973,한국단열
1974,피에스솔루션
1975,(주)에이씨티인터내셔널
1976,주식회사 브릴위즈
1977,(주)투더문
1978,주식회사미래교육캠퍼스
1979,키즈특공대
1980,서경타니골프앤리조트주식회사
1981,의귀마을영농조합법인
1982,(주)제이비즈
1983,대한예수교장로회드림교회
1984,주식회사메디파나
1985,주식회사아누리
1986,문화예술협동조합보이고
1987,㈜한국자격검정평가진흥원
1988,이케이맨파워주식회사
1989,㈜엠제이플렉스
1990,한국영상자료원
1991,흐름
1992,에스휴먼㈜
1993,동탄사진관 시안
1994,대구.경북섬유직물공업협동조합
1995,한길종합건설주식회사
1996,일호종합건설 주식회사
1997,(재)양산시복지재단
1998,국립한글박물관
1999,청주대학교
2000,아트리움모리(ArtriumMORI)
2001,화도진도서관